{
   "dashboards": [{
      "autoswitchEnabled": false,
      "columnCount": 1,
      "columnProportion": "1",
      "creationTime": 1565801861591,
      "dashboardNavigations": {},
      "description": "",
      "disabled": false,
      "gridsterMaxColumns": 12,
      "hidden": false,
      "homeTab": false,
      "id": "5f77b222-3402-4fad-b372-c63c892b3586",
      "importAttempts": 0,
      "importComplete": true,
      "isDefault": false,
      "locked": false,
      "name": "Log Insight Performance",
      "rank": 86,
      "shared": false,
      "states": [],
      "temporary": false,
      "userId": "7ac7f730-ae98-403e-8b44-9de1d0c34056",
      "widgetInteractions": [
         {
            "type": "resourceId",
            "widgetIdProvider": "f096ba94-812f-466d-a937-43865bc0d366",
            "widgetIdReceiver": "e79bf97e-66f8-4100-99ac-c86f125c16da"
         },
         {
            "type": "resourceId",
            "widgetIdProvider": "f096ba94-812f-466d-a937-43865bc0d366",
            "widgetIdReceiver": "67523c7a-5b87-47e5-a97c-946475d9a0b4"
         },
         {
            "type": "resourceId",
            "widgetIdProvider": "f096ba94-812f-466d-a937-43865bc0d366",
            "widgetIdReceiver": "0b405770-29d1-4b5f-963e-f9bc81572fdb"
         }
      ],
      "widgets": [
         {
            "collapsed": false,
            "config": {
               "chartViewItems": [],
               "isUpdatedView": true,
               "refreshContent": {"refreshContent": true},
               "refreshInterval": 300,
               "resource": {
                  "id": "Ext.vcops.chrome.model.Resource-14",
                  "resourceId": "resource:id:0_::_",
                  "resourceKindId": "002006VMWAREvSphere World",
                  "resourceName": "vSphere World",
                  "traversalSpecId": ""
               },
               "selectFirstRow": {"selectFirstRow": true},
               "selfProvider": {"selfProvider": true},
               "title": "Log Insight list",
               "traversalSpecId": null,
               "viewDefinitionId": "4f9f2b43-f047-4cc9-88a7-06bb92876e6f"
            },
            "gridsterCoords": {
               "h": 6,
               "w": 6,
               "x": 1,
               "y": 1
            },
            "height": 324,
            "id": "f096ba94-812f-466d-a937-43865bc0d366",
            "title": "Log Insight list",
            "type": "View"
         },
         {
            "collapsed": false,
            "config": {
               "boxColumns": 4,
               "boxHeight": null,
               "customFilter": {
                  "excludedResources": null,
                  "filter": [{
                     "filterTypes": [{
                        "condition": "GREATER_THAN",
                        "filterType": "metrics",
                        "metricKey": "guestfilesystem:/storage/var|capacity",
                        "metricValue": {
                           "isStringMetric": false,
                           "value": 10
                        }
                     }],
                     "resourceKind": "002006VMWAREVirtualMachine"
                  }],
                  "includedResources": null
               },
               "depth": 1,
               "labelSize": 16,
               "maxCellCount": 100,
               "metric": {
                  "mode": "resourceKind",
                  "resourceKindMetrics": [
                     {
                        "colorMethod": 1,
                        "id": "extModel7312-1",
                        "isStringMetric": false,
                        "label": "CPU Workload",
                        "link": "",
                        "metricKey": "cpu|workload",
                        "metricName": "CPU|Workload",
                        "metricUnitId": -1,
                        "orangeBound": null,
                        "redBound": null,
                        "resourceKindId": "resourceKind:id:0_::_",
                        "resourceKindName": "Virtual Machine",
                        "unit": "Auto",
                        "yellowBound": null
                     },
                     {
                        "colorMethod": 1,
                        "id": "extModel7312-4",
                        "isStringMetric": false,
                        "label": "CPU Contention",
                        "link": "",
                        "metricKey": "cpu|capacity_contentionPct",
                        "metricName": "CPU|Contention",
                        "metricUnitId": -1,
                        "orangeBound": null,
                        "redBound": null,
                        "resourceKindId": "resourceKind:id:0_::_",
                        "resourceKindName": "Virtual Machine",
                        "unit": "Auto",
                        "yellowBound": null
                     },
                     {
                        "colorMethod": 1,
                        "id": "extModel8552-1",
                        "isStringMetric": false,
                        "label": "CPU Ready",
                        "link": "",
                        "metricKey": "cpu|readyPct",
                        "metricName": "CPU|Ready",
                        "metricUnitId": -1,
                        "orangeBound": null,
                        "redBound": null,
                        "resourceKindId": "resourceKind:id:0_::_",
                        "resourceKindName": "Virtual Machine",
                        "unit": "Auto",
                        "yellowBound": null
                     },
                     {
                        "colorMethod": 1,
                        "id": "extModel8552-2",
                        "isStringMetric": false,
                        "label": "CPU Co-stop",
                        "link": "",
                        "metricKey": "cpu|costopPct",
                        "metricName": "CPU|Co-stop",
                        "metricUnitId": -1,
                        "orangeBound": null,
                        "redBound": null,
                        "resourceKindId": "resourceKind:id:0_::_",
                        "resourceKindName": "Virtual Machine",
                        "unit": "Auto",
                        "yellowBound": null
                     }
                  ],
                  "resourceMetrics": [],
                  "subMode": "resourceKindAll"
               },
               "mode": {"layoutMode": "fixedView"},
               "oldMetricValues": false,
               "periodLength": null,
               "refreshContent": {"refreshContent": false},
               "refreshInterval": 300,
               "relationshipMode": {"relationshipMode": 0},
               "resInteractionMode": null,
               "resource": [],
               "roundDecimals": null,
               "selfProvider": {"selfProvider": false},
               "showDT": {"showDT": false},
               "showMetricName": {"showMetricName": true},
               "showMetricUnit": {"showMetricUnit": true},
               "showResourceName": {"showResourceName": false},
               "showSparkline": {"showSparkline": true},
               "title": "Log Insight CPU Performance",
               "valueSize": 24,
               "visualTheme": 4
            },
            "gridsterCoords": {
               "h": 4,
               "w": 6,
               "x": 7,
               "y": 1
            },
            "height": 210,
            "id": "e79bf97e-66f8-4100-99ac-c86f125c16da",
            "title": "Log Insight CPU Performance",
            "type": "Scoreboard"
         },
         {
            "collapsed": false,
            "config": {
               "boxColumns": 4,
               "boxHeight": null,
               "customFilter": {
                  "excludedResources": null,
                  "filter": [],
                  "includedResources": null
               },
               "depth": 1,
               "labelSize": 16,
               "maxCellCount": 100,
               "metric": {
                  "mode": "resourceKind",
                  "resourceKindMetrics": [
                     {
                        "colorMethod": 1,
                        "id": "extModel13440-1",
                        "isStringMetric": false,
                        "label": "Memory Usage",
                        "link": "",
                        "metricKey": "mem|usage_average",
                        "metricName": "Memory|Usage",
                        "metricUnitId": -1,
                        "orangeBound": null,
                        "redBound": null,
                        "resourceKindId": "resourceKind:id:0_::_",
                        "resourceKindName": "Virtual Machine",
                        "unit": "Auto",
                        "yellowBound": null
                     },
                     {
                        "colorMethod": 0,
                        "id": "extModel13440-2",
                        "isStringMetric": false,
                        "label": "Memory Workload",
                        "link": "",
                        "metricKey": "mem|workload",
                        "metricName": "Memory|Workload",
                        "metricUnitId": -1,
                        "orangeBound": 98,
                        "redBound": 100,
                        "resourceKindId": "resourceKind:id:0_::_",
                        "resourceKindName": "Virtual Machine",
                        "unit": "Auto",
                        "yellowBound": 95
                     },
                     {
                        "colorMethod": 1,
                        "id": "extModel13440-3",
                        "isStringMetric": false,
                        "label": "Swapped",
                        "link": "",
                        "metricKey": "mem|swapped_average",
                        "metricName": "Memory|Swapped",
                        "metricUnitId": -1,
                        "orangeBound": null,
                        "redBound": null,
                        "resourceKindId": "resourceKind:id:0_::_",
                        "resourceKindName": "Virtual Machine",
                        "unit": "Auto",
                        "yellowBound": null
                     },
                     {
                        "colorMethod": 1,
                        "id": "extModel15987-1",
                        "isStringMetric": false,
                        "label": "Memory Consumed",
                        "link": "",
                        "metricKey": "mem|consumedPct",
                        "metricName": "Memory|Consumed",
                        "metricUnitId": -1,
                        "orangeBound": null,
                        "redBound": null,
                        "resourceKindId": "resourceKind:id:0_::_",
                        "resourceKindName": "Virtual Machine",
                        "unit": "Auto",
                        "yellowBound": null
                     }
                  ],
                  "resourceMetrics": [],
                  "subMode": "resourceKindAll"
               },
               "mode": {"layoutMode": "fixedView"},
               "oldMetricValues": false,
               "periodLength": null,
               "refreshContent": {"refreshContent": false},
               "refreshInterval": 300,
               "relationshipMode": {"relationshipMode": 0},
               "resInteractionMode": null,
               "resource": [],
               "roundDecimals": null,
               "selfProvider": {"selfProvider": false},
               "showDT": {"showDT": false},
               "showMetricName": {"showMetricName": true},
               "showMetricUnit": {"showMetricUnit": true},
               "showResourceName": {"showResourceName": false},
               "showSparkline": {"showSparkline": true},
               "title": "Log Insight Memory  Performance",
               "valueSize": 24,
               "visualTheme": 4
            },
            "gridsterCoords": {
               "h": 4,
               "w": 6,
               "x": 7,
               "y": 5
            },
            "height": 210,
            "id": "67523c7a-5b87-47e5-a97c-946475d9a0b4",
            "title": "Log Insight Memory  Performance",
            "type": "Scoreboard"
         },
         {
            "collapsed": false,
            "config": {
               "boxColumns": 2,
               "boxHeight": null,
               "customFilter": {
                  "excludedResources": null,
                  "filter": [],
                  "includedResources": null
               },
               "depth": 1,
               "labelSize": 16,
               "maxCellCount": 100,
               "metric": {
                  "mode": "resourceKind",
                  "resourceKindMetrics": [
                     {
                        "colorMethod": 0,
                        "id": "extModel18928-1",
                        "isStringMetric": false,
                        "label": "Log Insight DB Disk Usage",
                        "link": "",
                        "metricKey": "guestfilesystem:/storage/core|percentage",
                        "metricName": "Guest File System:/storage/core|Partition Utilization",
                        "metricUnitId": -1,
                        "orangeBound": 99,
                        "redBound": 100,
                        "resourceKindId": "resourceKind:id:0_::_",
                        "resourceKindName": "Virtual Machine",
                        "unit": "Auto",
                        "yellowBound": 98
                     },
                     {
                        "colorMethod": 1,
                        "id": "extModel21206-1",
                        "isStringMetric": false,
                        "label": "Total Log Insight DB ",
                        "link": "",
                        "metricKey": "guestfilesystem:/storage/core|capacity",
                        "metricName": "Guest File System:/storage/core|Partition Capacity",
                        "metricUnitId": -1,
                        "orangeBound": null,
                        "redBound": null,
                        "resourceKindId": "resourceKind:id:0_::_",
                        "resourceKindName": "Virtual Machine",
                        "unit": "Auto",
                        "yellowBound": null
                     },
                     {
                        "colorMethod": 1,
                        "id": "extModel22129-1",
                        "isStringMetric": false,
                        "label": "Log Insight Var Disk Usage",
                        "link": "",
                        "metricKey": "guestfilesystem:/storage/var|percentage",
                        "metricName": "Guest File System:/storage/var|Partition Utilization",
                        "metricUnitId": -1,
                        "orangeBound": null,
                        "redBound": null,
                        "resourceKindId": "resourceKind:id:0_::_",
                        "resourceKindName": "Virtual Machine",
                        "unit": "Auto",
                        "yellowBound": null
                     },
                     {
                        "colorMethod": 1,
                        "id": "extModel25111-1",
                        "isStringMetric": false,
                        "label": "Total Log Insight Var ",
                        "link": "",
                        "metricKey": "guestfilesystem:/storage/var|capacity",
                        "metricName": "Guest File System:/storage/var|Partition Capacity",
                        "metricUnitId": -1,
                        "orangeBound": null,
                        "redBound": null,
                        "resourceKindId": "resourceKind:id:0_::_",
                        "resourceKindName": "Virtual Machine",
                        "unit": "Auto",
                        "yellowBound": null
                     }
                  ],
                  "resourceMetrics": [],
                  "subMode": "resourceKindAll"
               },
               "mode": {"layoutMode": "fixedView"},
               "oldMetricValues": false,
               "periodLength": null,
               "refreshContent": {"refreshContent": false},
               "refreshInterval": 300,
               "relationshipMode": {"relationshipMode": 0},
               "resInteractionMode": null,
               "resource": [],
               "roundDecimals": null,
               "selfProvider": {"selfProvider": false},
               "showDT": {"showDT": false},
               "showMetricName": {"showMetricName": true},
               "showMetricUnit": {"showMetricUnit": true},
               "showResourceName": {"showResourceName": false},
               "showSparkline": {"showSparkline": false},
               "title": "Log Insight Disk Space",
               "valueSize": 24,
               "visualTheme": 4
            },
            "gridsterCoords": {
               "h": 6,
               "w": 6,
               "x": 1,
               "y": 7
            },
            "height": 324,
            "id": "0b405770-29d1-4b5f-963e-f9bc81572fdb",
            "title": "Log Insight Disk Space",
            "type": "Scoreboard"
         },
         {
            "collapsed": false,
            "config": {
               "chartViewItems": [],
               "isUpdatedView": true,
               "refreshContent": {"refreshContent": false},
               "refreshInterval": 300,
               "resource": {
                  "id": "Ext.vcops.chrome.model.Resource-8",
                  "resourceId": "resource:id:0_::_",
                  "resourceKindId": "002006VMWAREvSphere World",
                  "resourceName": "vSphere World",
                  "traversalSpecId": ""
               },
               "selectFirstRow": {"selectFirstRow": false},
               "selfProvider": {"selfProvider": true},
               "title": "VRLI Why is the storage space 97% utilized",
               "traversalSpecId": null,
               "viewDefinitionId": "e002242f-e910-44ce-975e-a7e39f8cdebc"
            },
            "gridsterCoords": {
               "h": 6,
               "w": 6,
               "x": 7,
               "y": 9
            },
            "height": 324,
            "id": "ed0e374b-1571-4762-ba94-740692f98b78",
            "title": "VRLI Why is the storage space 97% utilized",
            "type": "View"
         },
         {
            "collapsed": false,
            "config": {
               "chartViewItems": [],
               "isUpdatedView": true,
               "refreshContent": {"refreshContent": true},
               "refreshInterval": 300,
               "resource": {
                  "id": "Ext.vcops.chrome.model.Resource-1",
                  "resourceId": "resource:id:0_::_",
                  "resourceKindId": "002006VMWAREvSphere World",
                  "resourceName": "vSphere World",
                  "traversalSpecId": ""
               },
               "selectFirstRow": {"selectFirstRow": false},
               "selfProvider": {"selfProvider": true},
               "title": "Log Insight Server Details",
               "traversalSpecId": null,
               "viewDefinitionId": "1bf79c78-3ee9-4c0d-ac2a-3c03f4858743"
            },
            "gridsterCoords": {
               "h": 7,
               "w": 6,
               "x": 1,
               "y": 13
            },
            "height": 381,
            "id": "a4c3d68c-44e0-401f-a1b0-2fbecb28181f",
            "title": "Log Insight Server Details",
            "type": "View"
         },
         {
            "collapsed": false,
            "config": {
               "chartViewItems": [],
               "isUpdatedView": true,
               "refreshContent": {"refreshContent": false},
               "refreshInterval": 300,
               "resource": {
                  "id": "Ext.vcops.chrome.model.Resource-7",
                  "resourceId": "resource:id:0_::_",
                  "resourceKindId": "002006VMWAREvSphere World",
                  "resourceName": "vSphere World",
                  "traversalSpecId": ""
               },
               "selectFirstRow": {"selectFirstRow": false},
               "selfProvider": {"selfProvider": true},
               "title": "VRLI Sizing Guide",
               "traversalSpecId": null,
               "viewDefinitionId": "af435505-0c89-4f14-b1f0-5e153a6487d6"
            },
            "gridsterCoords": {
               "h": 6,
               "w": 6,
               "x": 7,
               "y": 15
            },
            "height": 324,
            "id": "13d912f4-63c4-4877-980e-f06e1c071797",
            "title": "VRLI Sizing Guide",
            "type": "View"
         }
      ]
   }],
   "entries": {
      "resource": [{
         "adapterKindKey": "VMWARE",
         "identifiers": [],
         "internalId": "resource:id:0_::_",
         "name": "vSphere World",
         "resourceKindKey": "vSphere World"
      }],
      "resourceKind": [{
         "adapterKindKey": "VMWARE",
         "internalId": "resourceKind:id:0_::_",
         "resourceKindKey": "VirtualMachine"
      }]
   },
   "uuid": "64a7ec79-9ea0-4161-a452-8e4a05d3913a"
}